pair	metric	regions	testable	nominal_p05	bh_global_05	bh_pair_05	by_global_05	median_r	median_rms_significant	median_r_significant
ES-C2C12_fixed	profile	5766	5177	4375	4236	4217	3053	0.5327064402775791	0.1852525494429832	0.4815080914850508
MEL-C2C12_fixed	profile	5766	5165	4355	4242	4223	2956	0.5525700992916678	0.1809701028830453	0.5117541727245138
MEL-ES	profile	5766	5302	4805	4727	4751	3650	0.4766778736325869	0.192427516577187	0.4409187243137312
NP-C2C12_fixed	profile	5766	5139	4330	4202	4177	2866	0.5506634987464242	0.1832024710323376	0.5086761682102297
NP-ES	profile	5766	5300	4549	4421	4421	3118	0.5581276944107836	0.1762687504817767	0.5150577355157744
NP-MEL	profile	5766	5254	4681	4575	4589	3493	0.498209355153558	0.1894899156229588	0.461422307816533
ES-C2C12_fixed	coc	5766	4929	4649	4609	4605	3871	0.8243035007994963	0.0560203606304793	0.8197182191066806
MEL-C2C12_fixed	coc	5766	4923	4656	4620	4616	3939	0.8454392636841769	0.0530328371373533	0.842012457293574
MEL-ES	coc	5766	5123	4952	4928	4933	4496	0.805045400126678	0.0554431349704675	0.8027113896340585
NP-C2C12_fixed	coc	5766	4911	4627	4594	4587	3958	0.8383449509218752	0.0544737068900057	0.8351061978128996
NP-ES	coc	5766	5136	4961	4940	4942	4481	0.8049042007662957	0.0550603696286325	0.8026809467946991
NP-MEL	coc	5766	5095	4938	4917	4921	4470	0.8293266476157405	0.0530125891984543	0.8268163961077412
