run	train_regions	epochs	best_epoch	best_val_loss	train_loss_at_best	final_val_loss	final_train_loss	gap_at_best	val_rise_after_best	best_rolling5_val	best_rolling5_epoch	val_last20	gap_last20	val_epochs70_89	gap_epochs70_89	val_rise_per_10_epochs
drop02_ema098	5000	101	79	0.44266477227211	0.4391825199127197	0.4430210888385772	0.4460855722427368	0.003482252359390259	0.00035631656646722965	0.44372339248657217	98	0.4443178564310074	0.009091985225677493	0.44459910988807677	0.007090029120445254	-0.00013781125635699957
ema098	5000	103	50	0.4429600238800049	0.43612802028656	0.4453995525836944	0.4134892523288727	0.00683200359344488	0.0024395287036895197	0.44451683163642886	67	0.4453716605901718	0.022481252253055573	0.4455441728234291	0.018635626137256625	2.4259984348766247e-06
dropout02	5000	88	79	0.4456712603569031	0.4391825199127197	0.446717232465744	0.4371328353881836	0.00648874044418335	0.0010459721088409424	0.446643078327179	79	0.44753956943750384	0.00959594696760178	0.4474717163377338	0.009751174185011119	0.0010328292846678465
dropout03	5000	90	81	0.4452188611030578	0.438366174697876	0.4485801458358764	0.4376119077205658	0.006852686405181829	0.0033612847328186035	0.44681299328804014	79	0.44790243804454805	0.006804089248180378	0.44790243804454805	0.006804089248180378	0.0015052507321037902
dnadrop03	5000	91	81	0.4456331133842468	0.4328215718269348	0.4485885798931122	0.4326653182506561	0.012811541557312012	0.0029554665088653564	0.4465382695198059	79	0.44802747666835785	0.012476986646652217	0.4480474293231964	0.01230941116809844	0.0007477800051371437
dropout01	5000	91	69	0.4461990296840668	0.4383029639720917	0.4481169879436493	0.44697105884552	0.007896065711975098	0.0019179582595825195	0.4473042130470276	79	0.44840718507766725	0.013895848393440245	0.44843841046094896	0.01452868282794952	0.00042364918398096
dnadrop05	5000	92	81	0.4452767968177795	0.4392055571079254	0.4528652429580688	0.4337290227413177	0.0060712397098540705	0.007588446140289307	0.4469036638736725	80	0.44872880429029466	0.008162485063076022	0.4486494198441505	0.007553130388259893	0.003208910877054555
wd01	5000	93	50	0.4464308619499206	0.4341510236263275	0.4482440948486328	0.4240961968898773	0.012279838323593084	0.0018132328987122137	0.44788979887962344	81	0.4486402466893196	0.023022249341011033	0.44878778159618377	0.02265455722808837	-0.0003389561421127212
base5k_s0	5000	93	71	0.447147011756897	0.4256556034088135	0.4483279585838318	0.4212680757045746	0.021491408348083496	0.0011809468269348145	0.4486986994743347	69	0.4495711013674736	0.024222184717655165	0.4497349798679352	0.023774273693561547	-0.000511362416672886
base5k_s1	5000	92	69	0.4473216831684112	0.4331632256507873	0.4492522180080414	0.4227234125137329	0.014158457517623901	0.0019305348396301825	0.44880105257034303	64	0.449994882941246	0.02448559552431106	0.45015774220228194	0.023967024683952322	-3.5116382738308996e-05
jitter64	5000	94	68	0.4475525319576263	0.429201066493988	0.4506132304668426	0.4396418333053589	0.018351465463638306	0.0030606985092163086	0.44915701150894166	58	0.45032176524400713	0.024707470834255223	0.45032488703727724	0.024372531473636636	0.00015559797613031882
narrow	5000	151	50	0.447739839553833	0.4359641075134277	0.4506829082965851	0.4184506833553314	0.011775732040405329	0.002943068742752075	0.4493167817592621	92	0.4509343460202217	0.033148232102394114	0.45074149817228315	0.02264263629913331	2.429803999345799e-05
baseline_s0	15000	83	50	0.4403098523616791	0.4295305013656616	0.4439348876476288	0.4272276759147644	0.010779350996017456	0.003625035285949707	0.4428186357021331	43	0.4442077621817589	0.018296071887016308			0.0002605758886286412
