metric	scope	run	regions	features	pearson	ceiling	fraction_of_ceiling	reliability_predicted	reliability_observed	slope	amplitude	mean_predicted	mean_observed	pearson_low	pearson_high	fraction_of_ceiling_low	fraction_of_ceiling_high	amplitude_low	amplitude_high
profile	pooled	dense	1704	20752	0.756555414270107	0.9645510563225929	0.784360153162362	0.9897850622335328	0.9399603770071022	0.9005576787683401	0.8709715897765735	0.5482526910056862	0.5319433931444226						
profile	pooled	windowed	1704	20752	0.7630440900047698	0.9646522113433115	0.7910043443970388	0.9899926758747934	0.9399603770071022	0.8962424272353191	0.8825785528108582	0.5212824460443571	0.5319433931444226						
profile	pooled	windowed - dense	1704	20752	0.00648867573466283		0.006644191234676855				0.011606963034284656			0.003525151747239172	0.009448345296039804	0.0035880432538369367	0.009738151863677534	0.007546540107031302	0.015745041402819304
profile	within	dense	1704	20752	0.7202466989414084	0.9529425705229843	0.7558133314855793	0.9867000321448853	0.9203400356042646	0.8561835139414347	0.8827702463064234	0.0	0.0						
profile	within	windowed	1704	20752	0.7290518145262067	0.9531360096971259	0.7648979863407684	0.9871006561014045	0.9203400356042646	0.8652234899257732	0.884046717694163	0.0	0.0						
profile	within	windowed - dense	1704	20752	0.008805115584798351		0.009084654855189167				0.001276471387739564			0.005451831475481952	0.012339543347557633	0.0055732732437535045	0.012835541700071416	-0.0030923597515994826	0.005769994450895222
covariation	pooled	dense	1593	95599	0.8701608201996022	0.9636773000623942	0.9029587187985676	0.9910973286135373	0.9370158831471005	0.9817725898196389	0.9197228850771336	0.1866517412966223	0.21087048218635457						
covariation	pooled	windowed	1593	95599	0.8692826535482204	0.9636013581810162	0.9021185432834584	0.9909411293752117	0.9370158831471005	0.9895191718948668	0.9116736379710141	0.2171118540001769	0.21087048218635457						
covariation	pooled	windowed - dense	1593	95599	-0.0008781666513817399		-0.0008401755151091761				-0.00804924710611954			-0.0020570690094952105	0.00028131129186815797	-0.0020550603747969296	0.00038189057849669913	-0.010190499076170065	-0.005901600001894736
covariation	within	dense	1593	95599	0.8769995695965466	0.9649612857081767	0.9088443055546256	0.9915965012756824	0.9390415171066646	0.9840985206707864	0.923529795507806	0.0	0.0						
covariation	within	windowed	1593	95599	0.8764402695093559	0.9649593811940438	0.9082664893364174	0.991592587113083	0.9390415171066646	0.992850006330388	0.9148073561417455	0.0	0.0						
covariation	within	windowed - dense	1593	95599	-0.0005593000871906284		-0.0005778162182081825				-0.008722439366060541			-0.0014772392049811761	0.00039920991490757204	-0.0015292070693676218	0.00040350459684397296	-0.01072030343222342	-0.006839970745285052
