metric	analysis	comparison	n	raw_r	true_r	sd_x	sd_y	mean_x	mean_y	amplitude
profile	absolute	MEL	33056	0.606897048874351	0.6389376092232157	0.10390456662164164	0.1571145824045846	0.643574059009552	0.6168301105499268	0.6613298716861161
profile	absolute	C2C12	33056	0.6432628506167846	0.6852532447024196	0.11340591257766923	0.15178814920670058	0.6730905175209045	0.6748399138450623	0.7471328504258684
profile	absolute	NP	33056	0.6845217781907891	0.7242322990737107	0.11667835831170315	0.15203833341320633	0.5908544063568115	0.5558276176452637	0.7674272381991807
profile	absolute	ES	33056	0.7358242412312943	0.7707249876897758	0.13857907247989548	0.16185765228908838	0.5613763332366943	0.5450952053070068	0.8561786886194553
profile	difference	MEL-C2C12	33056	0.15873006933145747	0.18867461749171566	0.07360748572122239	0.12458836243273494	-0.029516465961933136	-0.058009855449199677	0.5908054675729681
profile	similarity_observed	MEL-C2C12	33056	0.6126869008963819	0.6751550735046127	0.1571145824045846	0.15178814920670058	0.6168301105499268	0.6748399138450623	
profile	similarity_predicted	MEL-C2C12	33056	0.760430453916329	0.7739281176125309	0.10390456662164164	0.11340591257766923	0.643574059009552	0.6730905175209045	
profile	difference	MEL-NP	33056	0.25415440458154775	0.29304161610785306	0.08182463601417571	0.13449570575653821	0.052719634026288986	0.061002422124147415	0.60838103011477
profile	similarity_observed	MEL-NP	33056	0.5684184191892903	0.6219074698406981	0.1571145824045846	0.15203833341320633	0.6168301105499268	0.5558276176452637	
profile	similarity_predicted	MEL-NP	33056	0.7176341957015956	0.7305997071217225	0.10390456662164164	0.11667835831170315	0.643574059009552	0.5908544063568115	
profile	difference	MEL-ES	33056	0.3669708940543333	0.4105633144298257	0.1003082548163811	0.14773649668545066	0.08219769597053528	0.07173478603363037	0.6789673308007961
profile	similarity_observed	MEL-ES	33056	0.5261915350271169	0.5713055642876335	0.1571145824045846	0.16185765228908838	0.6168301105499268	0.5450952053070068	
profile	similarity_predicted	MEL-ES	33056	0.6816910432952701	0.692359725031023	0.10390456662164164	0.13857907247989548	0.643574059009552	0.5613763332366943	
profile	difference	C2C12-NP	33056	0.17739223613078178	0.21689625940781462	0.08076433344723301	0.11180825540918654	0.08223609626293182	0.1190122738480568	0.7223467815650859
profile	similarity_observed	C2C12-NP	33056	0.6573239277659473	0.729152600122657	0.15178814920670058	0.15203833341320633	0.6748399138450623	0.5558276176452637	
profile	similarity_predicted	C2C12-NP	33056	0.7420158601625559	0.7539238035649501	0.11340591257766923	0.11667835831170315	0.6730905175209045	0.5908544063568115	
profile	difference	C2C12-ES	33056	0.3426266910759608	0.3963323572112485	0.1001631098155883	0.13162906093981142	0.11171416193246841	0.12974463403224945	0.7609498168598863
profile	similarity_observed	C2C12-ES	33056	0.5899808412757809	0.6494471817567355	0.15178814920670058	0.16185765228908838	0.6748399138450623	0.5450952053070068	
profile	similarity_predicted	C2C12-ES	33056	0.6915389778297703	0.7009688721536539	0.11340591257766923	0.13857907247989548	0.6730905175209045	0.5613763332366943	
profile	difference	NP-ES	33056	0.2702073904361795	0.32266810040773547	0.08936591533681665	0.11400091146136188	0.029478060081601143	0.010732365772128105	0.783905270503958
profile	similarity_observed	NP-ES	33056	0.6751483291892297	0.7379005686565386	0.15203833341320633	0.16185765228908838	0.5558276176452637	0.5450952053070068	
profile	similarity_predicted	NP-ES	33056	0.757306582213554	0.7678724206326772	0.11667835831170315	0.13857907247989548	0.5908544063568115	0.5613763332366943	
covariation	absolute	MEL	130603	0.9031658289330111	0.9291185772786975	0.3344719178592747	0.38549284566797615	0.09984055161476135	0.1045527309179306	0.8676475364405449
covariation	absolute	C2C12	130603	0.8939180546435276	0.9320520155524611	0.33100446937480865	0.3548685112346506	0.09020964801311493	0.09676384180784225	0.9327524389898256
covariation	absolute	NP	130603	0.9024546882303043	0.9320963872023272	0.34021067447744846	0.3707890128019302	0.11730073392391205	0.13893157243728638	0.9175317032902045
covariation	absolute	ES	130603	0.8840059346207638	0.9202644592856583	0.3119888354199558	0.3365705247711028	0.18111516535282135	0.20084582269191742	0.9269642243097055
covariation	difference	MEL-C2C12	130603	0.18122702476778357	0.2511973948197425	0.08162558557397004	0.17963883735946284	0.009630911983549595	0.007788883987814188	0.4543871847190523
covariation	similarity_observed	MEL-C2C12	130603	0.831650867593688	0.8854808347372398	0.38549284566797615	0.3548685112346506	0.1045527309179306	0.09676384180784225	
covariation	similarity_predicted	MEL-C2C12	130603	0.9628253375684083	0.969963820265535	0.3344719178592747	0.33100446937480865	0.09984055161476135	0.09020964801311493	
covariation	difference	MEL-NP	130603	0.16046571410901148	0.22494319721473519	0.0700603603011336	0.18289673016495522	-0.0174601748585701	-0.03437884524464607	0.3830596656263123
covariation	similarity_observed	MEL-NP	130603	0.8378212191678186	0.8837420515873649	0.38549284566797615	0.3707890128019302	0.1045527309179306	0.13893157243728638	
covariation	similarity_predicted	MEL-NP	130603	0.9714713522938794	0.9785768681096071	0.3344719178592747	0.34021067447744846	0.09984055161476135	0.11730073392391205	
covariation	difference	MEL-ES	130603	0.31492185486953117	0.404781104248681	0.09480819649113442	0.20166791801384562	-0.0812746062874794	-0.09629308432340622	0.4701203712760366
covariation	similarity_observed	MEL-ES	130603	0.8024772687453676	0.8524937396212131	0.38549284566797615	0.3365705247711028	0.1045527309179306	0.20084582269191742	
covariation	similarity_predicted	MEL-ES	130603	0.9516469027836634	0.9593532028040617	0.3344719178592747	0.3119888354199558	0.09984055161476135	0.18111516535282135	
covariation	difference	C2C12-NP	130603	0.14504265611788777	0.20966063706669041	0.07507072207676822	0.17162799377207505	-0.027091089636087418	-0.042167726904153824	0.43740371501669734
covariation	similarity_observed	C2C12-NP	130603	0.8316328743434783	0.8890316972292301	0.3548685112346506	0.3707890128019302	0.09676384180784225	0.13893157243728638	
covariation	similarity_predicted	C2C12-NP	130603	0.9682108285269099	0.9753539026752208	0.33100446937480865	0.34021067447744846	0.09020964801311493	0.11730073392391205	
covariation	difference	C2C12-ES	130603	0.22702401952723153	0.31587526703021995	0.08582561276783968	0.17850335832387348	-0.09090551733970642	-0.10408197343349457	0.4808067118385478
covariation	similarity_observed	C2C12-ES	130603	0.8062249864548141	0.8680128044040457	0.3548685112346506	0.3365705247711028	0.09676384180784225	0.20084582269191742	
covariation	similarity_predicted	C2C12-ES	130603	0.9582659095714434	0.9660866388162355	0.33100446937480865	0.3119888354199558	0.09020964801311493	0.18111516535282135	
covariation	difference	NP-ES	130603	0.22962707128160173	0.3159225333975791	0.08201243050633601	0.17995393842735352	-0.0638144239783287	-0.06191423907876015	0.455741237024629
covariation	similarity_observed	NP-ES	130603	0.8203053917239486	0.8749464009866247	0.3707890128019302	0.3365705247711028	0.13893157243728638	0.20084582269191742	
covariation	similarity_predicted	NP-ES	130603	0.9642942486839673	0.9720677121214513	0.34021067447744846	0.3119888354199558	0.11730073392391205	0.18111516535282135	
